Date,Time,Town / Village,Area,"Occupation(Where Relevant)",Description
Jan-09,Not Given,Warwick,Warwickshire,"Air Traffic Controlemployee",An orange glowing object with a red light on the right-hand side.
Jan-09,Not Given,Not Given,North Yorkshire,,"Very curious. A very bright light, four times that of a star."
Jan-09,Not Given,Carterton,Oxfordshire,"Air Traffic Controlemployee",A very bright constant red light.
Jan-09,Not Given,High Wycombe,Buckinghamshire,,"been outside the individuals house for some nights and then onenight."
Jan-09,Not Given,Sawtry,Cambridgeshire,,A UFO.
Jan-09,Not Given,Porthcawl,Mid Glamorgan,,"A diamond shaped red light came towards him from the sea. Rearend of diamond was a blue light. It was incredibly hot as it passedoverhead. No sound."
Jan-09,Not Given,Halifax,West Yorkshire,,"A silver disc shaped light seen for two minutes. Witness was in hislounge."
Jan-09,Not Given,High Wycombe,Buckinghamshire,,A bright object travelling very fast overhead. Not a plane.
Jan-09,Not Given,St Albans,Hertfordshire,,Something lit up the sky. There was smoke in the sky afterwards.
Jan-09,Not Given,Colington,Edinburgh,,Lights in the sky.
Jan-09,Not Given,Llandudno,Clwyd,,A bright orange light.
01-Jan-09,Not Given,Chippenham,Wiltshire,,A UFO.
01-Jan-09,Not Given,Streatham Hill,London,,Two bright lights/objects moving through the sky.
01-Jan-09,00:10,Blairgowrie,Perthshire,,Four bright orange lights in a group.
01-Jan-09,01:30,Not given,Not given,,"Over my house. It was massive. Unbelievable. The noise wasincredible. I thought we were under nuclear attack."
02-Jan-09,17:00,Nuneaton,Warwickshire,,"Five yellow/orange objects in formation. Moving east to west. Slowbut straight flight."
3-4 Jan 09,Not Given,Sandbach,Cheshire,,A UFO. An orange/yellow light.
04-Jan-09,Not Given,"Haslingdale/Rossendale",Lancashire,,"Four or more moving bright solid orange lights. Followed by a furthereight identical objects. Rose vertically over the side on the valley.Made no sound."
05-Jan-09,19:00,Malvern,Worcestershire,,"A V shaped formation similar to how birds fly of seven lights. Movedrapidly across the sky rotated slightly then the lights split up andvanished. Lights were size and brightness of stars. No noise and novisible trails in sky."
06-Jan-09,Not Given,Cardigan,Cardiganshire,,Five rather big orange things flew over the witness. He was terrified.
06-Jan-09,21:00,Northampton,Northamptonshire,,Strange lights. Eleven in total.
08-Jan-09,04:40,Blackpool,Lancashire,,"A green light with a white light on the outer rim. Flew over the hillsand disappeared once it passed the motorway."
09-Jan-09,Not Given,Exeter,Devon,,An object in the sky over Exeter.
11-Jan-09,00:10,London W9,Greater London,,"Strange white light, got smaller and turned green. Pulsated inbrightness."
12-Jan-09,Not Given,Old Coulson,Surrey,,"Saw a large shape in the sky. It didn't look like a helicopter butsounded like one and was very loud. It hovered for an hour. Thenheaded towards Caterham."
13-Jan-09,Not Given,Leyton,London,,Object that moved quickly through the sky.
13-Jan-09,20:15,High Wycombe,Buckinghamshire,,Strange burning objects in the sky.
14-Jan-09,Not Given,Leyton,London,,Object that moved quickly through the sky.
18-Jan-09,Not Given,Leyton,London,,Object that moved quickly through the sky.
18-Jan-09,19:44,Lichfield,Staffordshire,"Air Traffic Controlemployee",A bright yellow light. It vanished for a few seconds then reappeared.
19-Jan-09,Not Given,Tarland,Aberdeenshire,,A bright steady light in the sky. It then just moved and disappeared.
23-Jan-09,20:40,Anlaby,Hull,,"A very large ball (looked like a fireball). The object was small, butrather far away"
23-Jan-09,20:58,Undy,Newport,,"Object had a large light on the front and a smaller red and greenlight on either side, as if on the ends of a planes wings. Base was aperfect square and black in colour. It made a quiet humming sound."
23-Jan-09,21:40,West Cross,Swansea,,"Large ball of light. Light did not diminish. Very strange. Made nosound. Very strange."
24-Jan-09,23:05,Henleaze,Bristol,,"Large spherical object, bright orange in colour. Much bigger thanany plane or helicopter. Glowed brightly all over. Was completelysoundless."
25-Jan-09,18:00,Perton,West Midlands,,"Star shaped and very bright, brilliant white. Changing shape. Nonoise."
25-Jan-09,19:00,Livingston,West Lothian,,"An extremely bright  blue circular light. After diving down at steepangle, rising then diving again, it vanished."
25-Jan-09,23:25,Sittingbourne,Kent,,A strange ball of bright orange light. Light faded out.
26-Jan-09,17:15,Northholt,Middlesex,,"A bright oval orange in the sky. Thought at first it was an aircraft onfire. After five minutes the bright glow petered out and then becametotally black. Lived in the area all her life but had never seenanything like it before."
26-Jan-09,18:15,Bromley,Kent,,"Three orange lights in horizontal line above the opposite side of thehill. Stopped car but saw only four lights, two separate at the top &two close together at the bottom. Top two rose and disappeared.Second two moved higher then also vanished."
26-Jan-09,21:45,Tarring,West Sussex,,Four orange lights. At first mistook them for stars. Faded one by one
28-Jan-09,22:10,Grimsby,Lincolnshire,,"Light in the sky. Other lights falling or dripping from it to the ground.At first thought it was fireworks. Made no noise and was the size of ahelicopter."
29-Jan-09,Not Given,Colchester,Essex,,"We keep getting flown over by aliens galore. They are droppinggerms and we keep getting colds. Please send the RAF or USAF tostop them."
Feb-09,Not Given,Swadlincote,Derbyshire,,15 fireballs in the sky. Not aircraft.
Feb-09,Not Given,East Kilbride,Lanarkshire,,"Five orange lights high in the sky over the house. Disappeared intothe atmosphere"
03-Feb-09,01:00,Not Given,Thames Estuary,,"Same as the UFO seen over the House of Commons in February2008. Matches description The Sun gave."
03-Feb-09,10:10,West Row,Suffolk,,"Bright clear light shooting across sky. There were blue lights almostin line with the clear light. They were evenly spaced."
04-Feb-09,18:32,Chesterton,"Newcastle UnderLyme",,"A dullish orange light low in the sky. Circular in shape with nodefined edge. Surface had texture of the Sun's surface but not asbright. It reduced in size as it backed away from the witness. Anaircraft flew in its direction whilst giving it a wide berth."
05-Feb-09,Not Given,Portslade,Sussex,,"Six red or orange lights in a large oval shape moving slowly towardsBrighton. They made no noise"
05-Feb-09,06:30,Cropwell Bishop,Nottinghamshire,,"Series of UFO Sightings. Three orange lights arranged vertically inthe sky. No way they could be aircraft. Four sets of them."
06-Feb-09,Not Given,Rossendale,Lancashire,,A blue and purple flashing light over the moors for 30 minutes.
06-Feb-09,17:30,"Between Mealriggand Langrigg",Cumbria,,"A clearly defined, shiny silvery metallic cylinder with rounded ends.Estimated 50ft in length. Small protrusion on upper rear body.Object made no sound nor visible emissions."
06-Feb-09,20:10,"Near EdinburghAirport",Edinburgh,,"White on outer edges. 7-800ft long. Moving very fast from North toSouth."
07-Feb-09,Not Given,Gorseinon,Swansea,,Strange object seen when he developed photographs he had taken.
07-Feb-09,19:30,"Between Norwichand Lenwade",Norfolk,,"Ten orange orbs. Orbs had slightly pulsating orange lights. Not likenavigation lights. Made no noised."
07-Feb-09,20:05,Not Given,Not Given,,"Six lights, some red, some orange and some white all travelling inthe same direction. It was either one big object or six single objects.All travelling in the same direction."
07-Feb-09,23:10,Basingstoke,Hampshire,,"A bright orange light travelling very fast from North to South east.Too large and bright to be a plane. In view for one minute thendisappeared behind a cloud. Noticed no noise or tail."
07 Feb. 09,22:05,Fowey,Cornwall,,"Strange object in the sky. Bright orange in colour with intensity offire. Like a huge hanglider."
08-Feb-09,20:00,Ashingdon,Essex,,Lights in the sky. Definitely not a plane. Very strange.
08-Feb-09,21:00,Sutton,Surrey,,"Five UFOs. Bright round orange lights. Made no noise. Disappearedin direction on London."
09-Feb-09,Not Given,Romsley,Shropshire,,"A peculiar bright light. The object was spherical shaped like asatellite. It moved West to East very quickly. Definitely not asatellite, helicopter or light aircraft."
10-Feb-09,21:00,Not Given,Somerset,,"Bright orange lights continuously going up and down on the horizon.Heading East in the direction of Frome or Wiltshire."
10-Feb-09,22:45,"Western-super-Mare",Somerset,,"An orange/yellow object moving NW to SE. Followed by three more.No navigation lights and they made no sound. Not that high up.Disappeared into the distance quicker than they arrived."
13-Feb-09,23:12,Bradford-on-Avon,Wiltshire,,"A brightly glowing orange ball. It seemed to be a controlled craft. Ithovered for a couple of minutes then the light seemed todeliberately fade. It was a few hundred feet up and a quarter of amile from the house."
14-Feb-09,20:10,Roxwell,Essex,,"A bright orange object. The top was rounded like the top of a balloonand was a brighter orange towards the bottom. It appeared to bestationary."
15-Feb-09,Not Given,Aberford,Leeds,,"Witness saw a long light flashing like a laser. Sometimes there weretwo lights crossing over. This is the third time they have been seenover six weeks."
15-Feb-09,00:15,Winwick,Warrington,Police Officer,"Two orange lights in the sky that hovered over the old hospital site.The lights were not together but were stationary. They made nonoise. They then moved off in a southerly direction."
15-Feb-09,06:30,Bennech,Anglesey,,Strange lights seen over the bay.
16-Feb-09,19:00,Colchester,Essex,,"A bright light that went straight up in the sky above the A12 nearColchester."
16-Feb-09,19:19,Leigh,"GreaterManchester",,"A dome shaped orange ball of light. It suddenly took off from a field.It was organic like a jellyfish. Transparent, and you could see itsinternal workings. It departed swaying left to right and made adroning noise. 150-200ft in the air."
19-Feb-09,19:50,Gravesend,Kent,,"A ball of light with a few lights inside. It hovered over Gravesend forsome 30 minutes. Too static for a helicopter."
20-Feb-09,21:45,Bradford,West Yorkshire,,"Two strange lights behind the clouds that appeared to be playingwith each other, pretending to crash into each other. Then they werejoined by a third light that hovered underneath them, going back andforth."
21-Feb-09,22:45,Arundel,West Sussex,,"Five bright orange lights in the sky. One was in the lead the otherfour in a loose rectangular formation. Disappeared behind trees thenwere seen in a line with long gaps between them. Heard no enginenoise. Headed south for two miles before vanishing."
22-Feb-09,Not Given,South East London,London,,"An object with a white and alternating red lights at an angle. Camefrom South East London towards Canary Wharf. It stopped in mid-airand an alternating sequence of red lights flashed at 180 degrees.Lights switched side instantly."
22-Feb-09,01:10,Chepstow,Gwent,,"A single object the size of a large car. Silver with flames flickeringfrom the underside. Then moved up and away."
22-Feb-09,19:00,Oxted,Surrey,,"Object came in trajectory into back garden. It was like the upper partof an egg, glowing bright orange like hot steel. On bottom it hadsomething like a root structure. It looked like it was having sometrouble but righted itself, and gently flew off."
22-Feb-09,19:30,Swindon,Wiltshire,,80 bright lights over the top of Queen's Hill in Swindon.
22-Feb-09,19:30,Bedford,Bedfordshire,,"A sizeable, silent, flickering orange light. Difficult to judge height andspeed but much slower than any meteorite and much faster than theprevailing wind which was negligible."
23-Feb-09,19:17,New Ash Green,Kent,,"A ball of light in the clouds, moving slowly and falling apart. Hadother white lights coming off it. Made no sound."
23-Feb-09,22:52,South East London,London,,"It was the flashing of a huge object with one normal and two greenlights. It was flying low. Only saw it for four seconds than it vanishedfrom sight."
24-Feb-09,18:45,Hartlepool,Cleveland,,"Saw four spaceships that flew over the house into the sky. They hada bright light that faded and was then gone. They returned to thesame spot they had come from."
25-Feb-09,18:30,Oldham,Manchester,,A very bright object that glows red and bright.
26-Feb-09,19:15,Malmesbury,Wiltshire,,"Two lights above the cloud with beams of light coming out fromthem horizontally. Dotting about like two fireflies. The beams arecoming from the lights, not the ground. Seen to the north. The lightsare very round and flying in a small area."
27-Feb-09,18:15,Central London,London,,"One white light to the south east that flashes red, green and an offyellow at about 8-10000ft. Another across central London at 10-15000ft with the same colours. Objects are identical and 3-4 milesapart on the approach path to Heathrow or London City."
27-Feb-09,21:00,Lelant,Cornwall,,"Two orange lights over Hayle Estuary moving at the speed of ahelicopter but had no aircraft navigation lights."
27-Feb-09,23:00,Newquay,Cornwall,,Bright orange object travelling west to east across the sky.
28-Feb-09,04:30,Portlethen,Aberdeenshire,,"A big yellow glow in the sky to the south of Aberdeen. About 2500fthigh but not aircraft landing lights."
28-Feb-09,21:50,"Mary Tavy nearDartmoor",Devon,,Orange lights in the sky. Like fairy lights. Made no sound
01-Mar-09,18:45,Bishopsmill,Morayshire,,"Lights like little stars in a half moon shape. A bright light at thecentre was moving very slightly."
01-Mar-09,19:00,Warlingham,Surrey,,"Three very bright orange lights in triangular formation. They werecircular with no tails. Travelling at speed towards the east. Made nosound. Could not tell height. Visible for 4-5 minutes before fadingaway one by one."
01-Mar-09,20:15,West Bridgford,Nottingham,,"A swarm of about 100 flashing white lights, high in the sky movingfrom the NE to SE. Very quick and keeping equidistant and of equalspeed. Disappeared about 45 degrees above the horizon. Theswarm moved in an arc of 40 degrees in about 10 seconds."
04-Mar-09,22:50,Swindon,Wiltshire,,Various different lights in a star shape.
05-Mar-09,Not Given,Selby,North Yorkshire,,"Two sphere like objects orange/red in colour. The first object ranparallel to the witness, dropped then disappeared. The secondobject moved straight across the sky line then disappeared."
07-Mar-09,05:00,Cottingham,Humberside,,An object in the sky changing colour.
08-Mar-09,01:30,Bolton,Lancashire,,"A large fireball but with an oblong shape. Thought it was a crashingairliner but it stopped and hovered. It then came towards Dascar,stopped and headed in a SE direction towards Bury. It hovered inthe distance for a minute before disappearing."
09-Mar-09,21:15,Hayes,Middlesex,,An object hovering in the sky. The object had bright lights.
09-Mar-09,23:10,Holland on Sea,Essex,,"An emerald green object that was like a torchlight or a largegrapefruit. It flitted up, down and around outside the landing window.The beam of light narrowed and it came back as a ball shape. It wasstill for 90 seconds then vanished."
10-Mar-09,18:15,A3 South of M25,A3 South of M25,,"A long cylinder of gold light. It looked like a very bright shooting star.Observed it for 3 seconds."
10-Mar-09,18:50,Barrow-in-Furness,Cumbria,,"The whole object was glowing like hot metal and there was nosound. It was travelling at the speed of a fighter or a satellite, fromNW to SE. It looked to be flying quite low."
10-Mar-09,22:10,Spalding,Lincolnshire,,Strange orange lights in the sky.
14-Mar-09,18:50,Bugbrooke,Northamptonshire,,A big bright red ball of fire travelling at a terrific speed.
14-Mar-09,20:15,Flitwick,Bedfordshire,,"Two UFOs. Orange globes that moved near together then separatedand very gradually disappeared."
14-Mar-09,20:30,Harlyn Bay,Cornwall,,"Five strange orange lights in formation, moving very quickly."
14-Mar-09,20:40,King's Lynn,Norfolk,,"Object was travelling east/southeast. An extremely bright, constantred/orange light shining down. The shape of the object was obscuredby the light. It made no sound. Cannot determine speed, but wasvisible for two minutes. May have speeded up."
17-Mar-09,Not Given,Croydon,London,,"A bright orange light, the size of a helicopter. It looked like a flameor a flare but made no sound. It was moving very slowly."
17-Mar-09,00:35,Not Given,Not Given,,"The shape of a rectangle. It had a dull green glow with no otherlights showing."
17-Mar-09,05:35,Portsmouth,Hampshire,MoD Guard Service,"A wide pear drop shaped translucent green light with a small tail oflight. Moved in NW direction. Made no noise and vanished after afew seconds."
17-Mar-09,20:30,Heywood,Lancashire,,"Three orange lights, evenly spaced and moving at the same speed.Gradually disappeared after five minutes. Heading from SE to NW."
17-Mar-09,21:02,Bromsgrove,Worcestershire,,"A red fire ball travelling at extreme speed. It made no sound.Heading from Coventry to Leominster."
18-Mar-09,22:00,Milton Keynes,Buckinghamshire,,Two very bright glowing orange lights moving at very high speed.
19-Mar-09,Not Given,Not Given,West Sussex,,"A constant light travelling West to East. Very erratic, wobbling offcourse then just disappeared."
20-Mar-09,18:50,Exton,Rutland,,"Large bright light seen to the east of Exton, moving south to north athigh speed- at first mistaken for a planet."
22-Mar-09,19:55,Newtimber,West Sussex,,"A bright diamond shaped light. Definitely not an aircraft. Faster thanan aircraft. Headed east for one minute before moving upwards anddisappearing."
22-Mar-09,20:00,Adfa,Powys,,"Looked like a satellite crashing or a star. It was fairly pacey and thenslowed to a halt. It moved off after 20 seconds and gathered speed.It became a dot and vanished."
24-Mar-09,05:17,Bridgend,Glamorgan,,"Four UFOs flying beneath two aircraft. They moved much fasterthan the aircraft. Greyish in colour with a dome on top and bottom.Flew over the Waterton Industrial Estate."
25-Mar-09,20:25,Godalming,Surrey,,"A very bright spherical object. Size of a full moon. Yellow/orange incolour. Object seemed wrapped in a bright glowing cloud of light. Itmade no noise. It moved towards Hascombe. Performed a series oferratic moves."
27-Mar-09,16:10,Walthamstow,London,,"Three objects in the sky. They were circling and dipping in and outof the clouds. They could have been light sources or just reflectinglight. A possible tail of light at a slight angle away from the directionof travel on each of the objects."
28-Mar-09,08:45,Torquay,Devon,,"A group of very bright orange objects heading NW to SE at aconsistent speed and low altitude. There was a group of 15 followedby groups of 2-3 and 3-4 over a five minute period. They made nonoise."
29-Mar-09,20:45,Preston,Lancashire,,"Three bright lights heading in the same direction some 2 minutesapart. The 3rd light disintegrated and spilt up."
04-Apr-09,Not Given,Swindon,Wiltshire,,"A massive orange thing. Going so fast it passed a plane goingtowards RAF Lyneham."
04-Apr-09,00:30,Saddleworth,Lancashire,,"A bright orange ball of fire. It was quite high up in the sky over thehouse. It was changing colour and disappeared straight into the sky."
04-Apr-09,10:30,Harrogate,North Yorkshire,,It was square with orange lights.
04-Apr-09,21:02,Abergavenny,Gwent,,Two UFOs.
04-Apr-09,23:15,Leyland,Lancashire,,Object seen for 6-7 minutes.
05-Apr-09,09:00,Swindon,Wiltshire,,Something peculiar.
06-Apr-09,Not Given,Hessel,Humberside,,"Very bright white light. Its trail followed it for half an hour headingtowards Brough."
08-Apr-09,Not Given,Leeds,West Yorkshire,,A ball of fire.
08-Apr-09,01:00,Brighton,Sussex,,"Looked like a squashed balloon and had no wings. Rounder at thefront and pointed at the back. It had no lights at the front but 2-3 atthe back, one red, one red and flashing and one white/green.Witness heard the noise first which grew louder."
09-Apr-09,21:26,Note Given,Liverpool,,Two parallel lights. Red or orange lights in the sky.
11-Apr-09,21:35,Ellon,Aberdeenshire,,"A very bright orange glow. Moved about the speed of an airliner,heading south to north."
11-Apr-09,20:30,Bromley,Kent,,A UFO.
11-Apr-09,21:05,Harrow,London,,"A big ball of fire, like a star. It decreased in size over two minutes."
11-Apr-09,21:20,Chesterfield,Derbyshire,,"Several orange lights, same colour and brightness of street lights.Three were close together and the others were in a horizontal line."
11-Apr-09,21:40,Goole,Humberside,,"A Light. Moved past very slowly then shot off at phenomenal speed.It was round but twice it changed into a cone shape. 300-400ft up."
12-Apr-09,Not Given,Swindon,Wiltshire,,"Four glowing objects coming from southwest and then turned north.They were glowing duller and brighter, then disappeared."
12-Apr-09,23:10,Linlithgow,West Lothian,,A UFO.
13-Apr-09,Not Given,Farnborough,Hampshire,,"A ball of glowing red light. After 30 seconds the light dimmed slightlyand then just disappeared."
13-Apr-09,21:00,Moelfre,Angelsey,,Looked like a Chinese lantern.
13-Apr-09,21:30,Derby,Derbyshire,,"Two orangey lights in the sky moving towards each other. Then aball of light approached the other lights. All three were stationary fora while before disappearing into the distance. Another light thenhovered where the others had been."
14-Apr-09,21:45,Strathspey,Invernesshire,,"A bright orange light approached at low level and then remainedstationary for 10 minutes. Then it turned red."
14-Apr-09,22:00,Smalley,Derbyshire,,"A round yellow ball. It looked like it had a parachute on top, theshape of a helmet."
14-Apr-09,22:45,Wallington,Surrey,,Nine green lights in the sky.
15-Apr-09,20:30,Dover,Kent,,"Two objects, five minutes apart heading East to West. They lookedlike orange fiery balls but made no sound. They travelled at thespeed of a plane. They had no tail."
18-Apr-09,22:22,Brandon,Suffolk,,Two yellow objects like giant sparklers heading North to South.
18-Apr-09,Not Given,Oswestry,Shropshire,,A UFO.
19-Apr-09,10:00,Maghull,Merseyside,,"A orange ball in the sky, travelling very quickly then stopped andfaded away."
19-Apr-09,20:40,Snodlands,Kent,,"An oval shaped glowing red object, in two dimensions. It spun in onedirection then reversed and swung in the other."
19-Apr-09,21:23,Not Given,Liverpool,,A UFO Southwest of Liverpool.
21-Apr-09,21:34,Maidstone,Kent,,"Lights rising from the ground into the sky, much like debris from afire. However lights were too intense to be a fire. Seen in thedirection of the North Downs from Maidstone."
21-Apr-09,22:03,Pendleton,Manchester,,A bright orange object moving at a steady pace.
21-Apr-09,22:55,Brighton,Sussex,,"A bright flaming object, about a quarter of the size of the moon. Itwas like a special effect. It was silent and went from horizon tohorizon, starting in the North."
22-Apr-09,15:10,Basingstoke,Hampshire,,"Like a large black parachute with nothing suspended from it. Itchanged shape and gradually got smaller as it went into thedistance. Observed for 10-20 minutes."
24-Apr-09,01:22,Harrow,London,,"A long shaped vehicle with a red light at the front and two gold lightseither side. Hovered above the house and then moved off to theright at tremendous speed before returning. It then drifted slowlyaway. It was louder than a plane or helicopter."
25-Apr-09,10:15,Croydon,London,,A bright red light over the house.
25-Apr-09,20:30,Bury St Edmunds,Suffolk,"Former Air TrafficController","A large black ball with a light underneath. Travelling South overwestern Bury St Edmunds at 3000ft at 200 miles an hour."
26-Apr-09,Not Given,"Holmefirth/Huddersfield",West Yorkshire,,"A black spherical object 12m in diameter. It was 500ft up andtravelling at 500 mph. It made no sound. It had a light on butswitched it off when the witness shone a torch at it."
26-Apr-09,00:50,Hackney,London,,"Two bright lights heading towards the city. Like a white octopusshaped kite. It was like they were propelled but travelling on theirown."
26-Apr-09,18:15,Regents Park,London,,"A spherical object with a red flashing light underneath. It wasstationary in the sky for 10 minutes and then just faded away. It hadmade no movement at all."
26-Apr-09,18:30,Central London,London,,"Single small white orb shortly joined by two others. Changed into adull flat circular shape. They were hovering over Central London at15-20,000 ft but not blown by the wind. Objects disappeared but onereappeared for five minutes."
26-Apr-09,22:05,Grimsby,Lincolnshire,,"Looked like a star or satellite. Saw three within 20 minutes. Camefrom the south. Its speed increased and then slowed down. Finallyheaded east over the North Sea."
28-Apr-09,Not Given,Tywyn,Gwynedd,,"A big bright orange light. It turned white and then disappeared veryquickly. It made no noise."
28-Apr-09,21:48,Ferrers,Essex,,A sighting.
29-Apr-09,23:10,Nottingham,Nottinghamshire,,"Two orange lights flying in a parallel formation in an arc. One slowedand went behind the other then they both gradually faded away. Fartoo fast to be aircraft. They had no flashing lights and made nosound."
29-Apr-09,23:44,Caterham,Surrey,,"A very small white light with no flashing lights or smoke trail.Headed north then did a sharp turn to the east and then was justgone."
30-Apr-09,20:30,Sutton,Surrey,,"A bright green light that whizzed about the sky for an hour. It wasvery fast and a few planes got in its way."
02-May-09,21:36,Chorley,Lancashire,,"Saw orange lights that looked like flames. They were heading Southto North towards Preston. Police said it was the open rear of anaircraft undertaking parachute training."
02-May-09,21:50,Upper Norwood,London,,"Six very bright orange lights flying in formation passed by in 15minutes. Heading from Upper Norwood towards Crystal Palace."
02-May-09,22:00,Burbage,Wiltshire,,"Initially one then five pitch black hot air balloon shaped objects withcontinual flames underneath."
02-May-09,23:00,Long Eaton,Nottinghamshire,,"A large bright yellow object hovering in the sky. Too bright to be anaircraft and the wrong colour. It didn't move for ages and thendisappeared in the blink of an eye."
02-May-09,23:30,Buckhurst Hill,Essex,,"A slow moving, silent, orangey/red light. Does not think it was ahelicopter or aircraft. Flew at same height as a helicopter."
02-May-09,23:55,Southampton,Hampshire,,"Six bright white & orange lights, two single and two in two objectformation. Lower and faster than a satellite. Witness contacted localpolice who had no other reports."
03-May-09,Not Given,Darlington,County Durham,,"Two bright orangey/red lights  moving towards Durham/Tees ValleyAirport. The objects flew steady, level and straight."
03-May-09,15:50,Otmoor,Oxfordshire,Pilot,"A shiny black flying cylinder, 20-30ft long at about 4700ft which was200ft above the pilots aircraft. Although the pilot sighted the object.Air Traffic Control forwarded details to the UFO Desk."
03-May-09,21:30,Ammanford,Dyfed,Pilot,"Seven orange orbs that suddenly disappeared. They were on aNorth-South trajectory. Witness contacted Cardiff Air Traffic Controlwho had nothing on radar."
04-May-09,00:20,Barton near A6,Lancashire,,"Nine bright orange lights moving at slow speed and at 2000ft. Theymade no sound."
05-May-09,22:10,Roade,Northampton,,An orange flash and a loud bang.
07-May-09,22:25,High Peak,Derbyshire,,"Three bright small lights very close together travelling in a straightline. They were flashing rapidly but made no noise and looked likethey were on fire but clearly were not. Speed of 100-150mph at1000ft. Came back eight minutes later."
09-May-09,17:55,St Helens,Merseyside,,"A UFO over the witnesses house. It was at 30,000ft and he has seenit before."
09-May-09,22:00,Harlow,Essex,,"A diamond shaped orange light. If you held out your hand it wouldhave been the size of a 20p coin. It was totally silent. The objectcarried on in the distance and then another one appeared andfollowed the same path."
09-May-09,22:10,Northwich,Cheshire,,"Four big lights in a line formation. Two dropped down and the othertwo moved off quickly into the distance."
09-May-09,22:50,Central London,London,,Twenty orange balls heading north.
11-May-09,Not Given,Tomintoul,Banffshire,,"Like a star, but jumping all over the sky. It was 70 degrees abovethe horizon. It was a blue/white colour and occasionally red and lefta light trail."
11-May-09,21:38,Southampton,Hampshire,,A very bright light. It made no sound but was very low.
14-May-09,22:00,Nenthead,Cumbria,,"A bright orange light. Too bright for a Chinese lantern. The lightlooked electrical not a flame. Travelled in a straight line at a steadyspeed. Travelled East to West with the wind. Made no noise. It wasabout the size of a quarter moon."
16-May-09,Not Given,Brandon,Suffolk,,"Four flaming balloons that disappeared over the horizon fairlyquickly. Was not very high."
16-May-09,00:20,Bedford,Bedfordshire,,"A strange blue light near the Cardington Hangers. Flew straight pastthe witness."
16-May-09,21:50,Petts Wood,Kent,,"8-10 bright red lights. They were hovering. They movedindependently into the distance and disappeared when a light aircraftappeared."
16-May-09,22:00,Deeside,Flintshire,,"Seven bright orange lights in the sky. Silent. Travelling towards theWirral."
19-May-09,10:00,Redruth,Cornwall,,A big bright light. Came from west Cornwall towards Plymouth.
19-May-09,21:30,Bexhill-on-Sea,East Sussex,,A series of orange balls of fire.
19-May-09,22:15,Long Eaton,Nottingham,,"An ellipse shaped object the size of a commercial plane. It was onfire. It glowed bright orange. It moved South East to North and thenreturned and hovered for at least a minute. Moved further away atsupersonic speed."
21-May-09,Not Given,Not Given,Not Given,,A very bright blue light flew behind the house.
21-May-09,23:40,King's Lynn,Norfolk,,"Very strange circular objects without definite shape. They stayedaround for about five minutes. They were 8-9 of them."
23-May-09,22:00,Penzance,Cornwall,,"Ten orange lights in a line with intermittent gaps. They made nosound and flew at helicopter height."
23-May-09,22:10,Dudley,West Midlands,,"A big bright light. Thought it was a helicopter at first. Within secondsfollowed by three others and then a further three. Flew low but madeno sound."
23-May-09,22:10,Bodium,East Sussex,,A strange sighting.
23-May-09,23:00,Hove,East Sussex,,A very big red light moving slowly. It then faded away.
23-May-09,23:00,Winsford,Cheshire,,"An orange light travelling from the south. It was followed by twomore orange lights on the same path, then five more and then twomore. They made no noise but were at the height of a helicopter."
24-May-09,00:00,Llandaff City,Cardiff,,Seven bright red lights.
24-May-09,13:42,Wakefield,West Yorkshire,,"A white object with a silver beam coming from it, over PugneysCountry Park. It looked square but changed shape as it movedabout. Witness saw it through binoculars. An aircraft flew very closeto it."
24-May-09,22:15,Solihull,West Midlands,,"Three objects like fireballs falling to earth. They were glowing andorange. There was one large object and two smaller ones whichconverged together and rose into the atmosphere until they fadedaway."
25-May-09,12:00,Swansea,West Glamorgan,,Three small yellow orbs travelling quite slow.
25-May-09,23:00,Bracknell,Berkshire,,"A UFO. It was a ""glowing ball of something or other"". Definitely not aplane."
30-May-09,Not Given,Spilsby,Lincolnshire,,A sighting.
30-May-09,02:47,Folkestone,Kent,,"A bright circular amber light, the size of a 2p coin. It was movingvery slowly in a straight line but once it flew over the witnesseshouse it accelerated away very very quickly into the distance. Itmade no noise and left no vapour trail."
30-May-09,22:30,"Tunstall to ButleyRoad",Suffolk,,"Two clusters of bright lights. They were stationary for a while thenthe first group of 15 headed towards Woodbridge followed by thesecond cluster of 6-7 lights. They were very high up. They made nosound."
30-May-09,23:30,Ballynahinch,County Down,,"Three distinct sets of green, orange and white lights. Don't matchany constellation and are in the wrong place. Static to the eye butwith binoculars are moving at speed and at random."
31-May-09,00:30,Chapel-en-le-Frith,Derbyshire,,"Was watching shooting stars when the witness saw two brightluminous orange objects like birds or swans. Does not think theywere birds as they moved too fast."
Jun-09,22:00,Eltham,London,,Black shaped square object.
Jun-09,Not Given,Baswich,Stafford,,"Two objects seen.  Photograph taken in June a week after themystery hot air balloon search."
Jun-09,16:00,Rowley Regis,West Midlands,,"Saw a long greyish tube in the sky, when driving home along theA4031."
02-Jun-09,22:50,Chesterfield,Derbyshire,,A sighting.
06-Jun-09,Not Given,Lewes,East Sussex,,Eleven bright star like objects heading North East.
07-Jun-09,00:15,Ripon,North Yorkshire,"Air TrafficController","Bright orange lights. A single light followed by a group of three andthen another single light. On a North East to South West track."
09-Jun-09,Not Given,Bradford,West Yorkshire,,"Different coloured pulsating lights. Police checked with Air TrafficControl who said they had nothing. Police suspect Chinese lanterns."
12-Jun-09,23:10,Shoreham,Kent,,"Initially two UFOs increasing to six. Bright orange. Last four werebigger and brighter than the first two."
13-Jun-09,Not Given,Porthcawl,Mid Glamorgan,,"A very bright orange circular shape. Got smaller as it moved away.Moving South West to South."
14-Jun-09,Not Given,Cardiff,South Glamorgon,,A UFO.
14-Jun-09,19:30,Wroughton,Wiltshire,,"Black disc shaped objects hovering over crop circles near BarburyCastle. They cast shadows on the ground."
18-Jun-09,23:20,Stevenage,Hertfordshire,,"Two huge lights chasing each other like cat and mouse. It wasbroken cloud and the lights would never leave the clouds, just go tothe edge. It looked like a strong light was coming from above theclouds. They both shot off to the North."
20-Jun-09,Not Given,Angmering,West Sussex,,"A large orange glowing ball in the sky. It was stationary and not veryhigh up."
20-Jun-09,Not Given,Abingdon,Oxfordshire,,A UFO.
20-Jun-09,22:00,Chelmsford,Essex,,"Two objects the size of light aircraft but perfectly spherical andglowing bright orange. They were solid and made no sound. Theyheaded NW to SE."
20-Jun-09,22:45,Not Given,Norfolk,,"11-12 objects in the sky. Witness thinks they may be Chineselanterns."
20-Jun-09,23:30,Angmering,West Sussex,,"Ten orange lights moving at a sedate pace West to East. Went fromhorizon to horizon in two minutes."
21-Jun-09,21:45,Not Given,On the A3,,"50-100 objects moving together in the same direction. They werehelicopter sized but made no noise."
23-Jun-09,19:06,Hull,Humberside,,A light at about 1000ft. It split in two and flew away.
23-Jun-09,19:09,Rotherham,South Yorkshire,,"A circular object, metallic in colour. It was following a plane. It shotdownwards several times and then back up again to the same levelas the plane."
24-Jun-09,22:05,Swansea Bay,West Glamorgan,,"A bright circle of fire travelling South Westerly. It was only a fewhundred feet up moving silently across the sky at 30mph and thenafter four minutes, vanished."
25-Jun-09,01:00,Minehead,Somerset,,"Looked like a highly lit aeroplane with wings. It was heading NNW toSSE. It was visible for 20 seconds then changed direction quicklyand dropped out of the sky or disappeared."
25-Jun-09,16:22,Milnathort,Fife,,"Witness was watching two helicopters (one a Chinook) coming fromthe Edinburgh area when she saw an orb shaped object through herbinoculars glistening in the sun. The orb was quite high above thehelicopters."
25-Jun-09,23:00,Bridport,Dorset,,"Three orange lights south of Bridport coming from the east. Theywere the size of a two thirds moon. Moved away to the West rapidlydiminishing."
26-Jun-09,22:20,Chesterfield,Derbyshire,,Twelve bright lights in the sky. Moving slowly.
26-Jun-09,22:25,Rotherham,South Yorkshire,,"Object approached from the direction of Doncaster. It was a brightorange ball in the sky. It kept a level flight path then stopped. It thenzigzagged a few times before shooting off  at tremendous speed,vanishing in a few seconds."
26-Jun-09,22:35,Moreton-in-Marsh,Gloucestershire,,"Six round brilliant objects in pairs, apart from the last two which werein line. Travelling South to East."
26-Jun-09,22:45,City,Hertfordshire,,A UFO.
27-Jun-09,22:45,Swindon,Wiltshire,,"An orange light. Light(s) travelled in formation like a mis-shapeddiamond. There were 12-13 of them. They travelled left to right."
27-Jun-09,Not Given,Hope Valley,Derbyshire,,"Red objects moving slowly. They were not high and were silent.Might have been going over Bakewell."
27-Jun-09,00:05,Bow,London,,"Nine objects like golden globes. They hovered for a bit and werejoined by three others before shooting off."
27-Jun-09,22:30,Looe,Cornwall,,"Two orange balls of light travelling North in parallel to each other.Then a further ball of light was seen, heading North. The lights madeno noise. They faded and then disappeared."
27-Jun-09,22:45,Redruth,Cornwall,,"Two brown objects like balls of fire. Appeared to be in convoyheading towards Portreath."
27-Jun-09,23:20,Stafford,Staffordshire,,"Four UFOs flying North. They were silent. A plane was flying in theopposite direction."
27-Jun-09,23:59,Pulborough,West Sussex,,"Up to 20 orange and red glowing lights. They appeared to be information and under some form of control. They came from theEastern horizon. They moved upwards, were then stationary, movedside to side and then disappeared upwards. Seen for 20 minutes."
30-Jun-09,02:41,Hayes,Middlesex,,"A roundish glowing shape. Flying at a steady speed with no noise. Itwas a clear night. Filmed it but the camera died."
Jul-09,Not Given,Sheffield,South Yorkshire,,Something strange.
01-Jul-09,18:45,Swansea,West Glamorgan,,"Seemed like a rather large disc or round in appearance. It was darkin colour but bounced sunlight off its surface. It was floating orbobbing up and down. Other aircraft were at the same altitude andcould be heard, the object made no noise."
02-Jul-09,00:30,Queens Park,London,,Two UFOs.
29 Jun-2 Jul 09,16:00,Harlow,Essex,,"Several sightings over the period. A bright orb that travelled in astraight line. As a helicopter approached it the orb slowed down andvanished. Helicopter reacted as if pilot was startled. Saw severalother orbs, but the main one was half the size."
02-Jul-09,22:20,Blackwood,Gwent,"Ex-test engineer forHawker Siddley","A bright orange light seen through the tree line. It turned and clearedthe tree line. The other side of the object appeared to be a largerectangle shape of fire red/orange. It was silent. The object slowlyclimbed in the direction of Gloucester."
03-Jul-09,11:15,Cawood,Yorkshire,,"Two very bright orange lights that appeared to get closer to the carthen just hung in the sky. Five minutes later a second bright orangelight with red glow seen then disappeared. A third light then hung inthe sky and disappeared after five minutes."
03-Jul-09,22:45,Sheffield,South Yorkshire,,"Six bright orange/red lights in formation. They climbed like balloonsand made no sound. A sphere like a balloon appeared at the sideand then another."
04-Jul-09,22:30,Bideford on Avon,Warwickshire,,A round orange light.
04-Jul-09,23:00,Teignmouth,Devon,,"A bright yellowy orange object, travelling SE to NW in a straight line.It made no noise. At a 50 degree angle of elevation."
04-Jul-09,23:30,Lichfield,Staffordshire,,"Eight alien aircraft seen just above helicopter height travelling SWto NE. There was a humming sound. They looked like they were""eyeing the place up""."
04-Jul-09,Not Given,West Grinstead,West Sussex,Part-Time Pilot,"12-15 objects. Not like normal fixed wing aircraft, more like brightorange lights. Moving West at indeterminate height. Objects enteredcloud then turned around."
04-Jul-09,00:15,Brighton,Sussex,,"A red light followed by 7 others. They came from the West, flewoverhead and disappeared. Definitely not aircraft."
04-Jul-09,23:30,Marston Green,Birmingham,,"Some 30 orange lights heading from Birmingham Airport towardsColeshill."
05-Jul-09,Not Given,Not Given,Not Given,,"Three very bright orange lights. Fairly large and moving much fasterthan an aircrfat. They disappeared. Then two lights appeared fromthe South. The lights appeared co-ordinated. They were not aircraft."
05-Jul-09,01:35,"Stratford uponAvon",Warwickshire,,"A dormant blue light which changed colour many times over thehour it was witnessed. At first it was moving steadily and then itstopped in  mid air. Then started moving from left to right. A whitebeam could be seen shining down from it. It had red lights."
05-Jul-09,02:00,Peterborough,Cambridgeshire,,"Two objects, one with a brighter light. The second one was behind itand had a dimmer light. No navigation lights. Not normal. Reluctantto say it was a UFO - perhaps it is a plane."
05-Jul-09,14:32,Bedford,Bedfordshire,,A UFO. Witness photographed it.
07-Jul-09,22:25,Pagham,West Sussex,,"Five orange bright lights. Half a mile distance between each one.Took photos."
10-Jul-09,00:20,Northampton,Northamptonshire,,"Fast, shiny discs. Lower and faster than a plane, not a plane orhelicopter. Sphere, brilliant light."
10-Jul-09,00:30,Glasgow,Strathclyde,,"Two sightings. First at 12:30 (bright light), second at 01:30 (flashinggreen)."
10-Jul-09,12:15,Finaghy,Belfast,,Observed fifty golden balls moving slowly SSE.
11-Jul-09,20:00,Palmers Green,London,,"Having a BBQ with some friends when saw an orange fireball aboutto crash two gardens away, but on checking it was now high in thesky about half mile away. 3-5 minutes later another object appearedthen a third spherical object with a leg protruding."
12-Jul-09,Not Given,Oswestry,Shropshire,,A UFO.
12-Jul-09,01:07,Perivale,Middlesex,,"Ball of light. No noise. Bright light, rising behind a fence, went upinto the sky."
12-Jul-09,01:39,Stoke on Trent,Staffordshire,,"Huge red light, moving through sky."
12-Jul-09,10:30,London,Greater London,,A UFO.
12-Jul-09,23:16,Shrewsbury,Shropshire,,No description provided.
13-Jul-09,23:01,Worthing,West Sussex,,"A large bright silver/white ball/sphere. Moving slowly W to E. theobject was much bigger and brighter than an aircraft. It appeared tostop still several times as it went into the distance. The light did notdim as it moved further away."
14-Jul-09,00:20,W1,London,,"Very bright, very big, not a satellite, not a plane, stationary. Lightdisappeared."
14-Jul-09,01:00,Taunton,Somerset,,"Bright star, went from bright yellow to bright red. Did not look like ashooting star or plane. Moved no more than 2-3 feet."
14-Jul-09,23:39,Woking,Surrey,,A UFO.
15-Jul-09,22:40,Not Given,Not Given,,"A round white object. Not like a ball. Very bright but not casting abeam of light. It was rising vertically. The higher it went the smaller itbecame. It started the size of a pound coin and ended as a pin head.Witness observed the object for two minutes."
15-Jul-09,23:30,Trimley St Mary,Suffolk,,"A very bright white light like a star. It moved south then doublebacked on itself and was joined by another light. The lights dancedround each other then split and moved off in different directions. Thelight suddenly disappeared."
16-Jul-09,00:15,"Weston SuperMare",Somerset,,A UFO.
17-Jul-09,22:00,Westonbirt,Gloucestershire,,"A ball of light the size of a small car, 26 metres above the ground. Itpulsated every 5-8 seconds but then shot off. Definitely not anaircraft or a Chinese Lantern."
18-Jul-09,01:50,Cheshunt,Herts,,"A bright orange light, which hovered in one place. It became morepink, than red and then it disappeared."
18-Jul-09,02:35,"Weston SuperMare",Somerset,,"A metallic aircraft shaped like a missile. One quarter was white,another green/blue and another red. Was circling. It had no wingsand was moving diagonally. It made a sound like a motorbike."
18-Jul-09,09:45,Not Given,Lincolnshire,,Saw an object like a ball of fire.
18-Jul-09,22:00,Rotherham,Yorkshire,,Has a video of UFO on his mobile phone.
18-Jul-09,22:23,Littleborough,Lancashire,Has pilot's licence,"An orb like object at 120 degrees from North. Orange in colourmoving in a NE direction. Visible for 10 minutes. It had no aircrafttype navigation lights."
18-Jul-09,22:30,Ruislip,Middlesex,,"Three bright orange lights, not flashing. Very big, high up, setequally apart. Reported it to RAF Northolt. Never saw anything likethis before."
18-Jul-09,22:35,River Severn,Gloucestershire,,"A UFO of orangey/red colour. It hovered and moved slightly in thedirection of Stroud, then suddenly dropped downwards."
19-Jul-09,Not Given,London,Greater London,,10-15 circular objects.
19-Jul-09,01:22,Newport,Gwent,,"A bright, reddish light travelling W to E, below cloud level. It madeno sound. It was moving in a straight line but too slow to be ameteorite. It had no navigation type lights."
19-Jul-09,09:01,Not Given,Not Given,,"10-12 bright orange objects, silent. Has a photo of them saved onhis mobile."
19-Jul-09,14:58,Leigh,Lancashire,,A UFO.
19-Jul-09,22:30,Sheffield,Yorkshire,,"Six yellow lights, stationary at first then moved off."
19-Jul-09,22:55,Nottingham,Nottinghamshire,Ex-police,"Four-five orange lights, fluctuating lights. Lives under flight path ofDonnington airfield. Objects moved in a line. Lights faded. Returned10 minutes later."
19-Jul-09,23:00,Not Given,Cornwall,,"Video footage in Cornwall near an Air Station (possibly Culdrose).Five minute sighting."
23-Jul-09,12:48,Hitchin,Hertfordshire,,"Large round object. Two planes flew round it. Could be somethingnatural, such as an eclipse."
24-Jul-09,Not Given,Ashburton,Devon,,"Light seen in sky also above this was a large round shape whichlooked rocky and was blue and pink in colour."
24-Jul-09,10:03,Newmarket,Suffolk,,"15 to 20 orange and red lights looked as though they were comingdown to land but then went over head and 'went out'."
24-Jul-09,11:00,Edinburgh,Scotland,,"Saw through the clouds flashing pale blue lights odd shapes butmostly circles. Movement continued for 25 minutes. A small red lightwas on outside parameter of blue lights whichdisappeared/amalgamated into one large blue light which speedilydisappeared."
24-Jul-09,23:20,Barking,Essex,,"Bright, oval shaped object with red and green lights. No noise."
24-Jul-09,23:57,Bradford,Yorkshire,,"Large balloon shape, with 'shimmer fire' effect underneath it."
25-Jul-09,Not Given,Downham Market,Norfolk,,"UFO seen with another one circling it.  There was one main light andno sound."
25-Jul-09,09:57,Kettering,Northamptonshire,,"Big and very bright red/yellow/orange ball seen flying past backendof garden, just under cloud cover. Then went through cloud coverand lit cloud cover up."
25-Jul-09,10:22,Twyford,Berkshire,,"Orange light, with 'some sort of flame' in the sky.  Moved fromdriveway to over the front of the house.  Then changed directiontowards Wallgrave, direction changed again towards Reading thenback in the direction of Wallgrave."
25-Jul-09,10:45,Bury St Edmunds,Suffolk,,"Fifteen red/orangey lights in sky, which gradually started fading outand then disappearing."
25-Jul-09,10:45,Henley on Thames,Oxfordshire,,"Six orange, with fire around, UFOs in formation (One behind theother across horizon to horizon)."
25-Jul-09,11:00,Plymouth,Devon,"ProfessionalPhotographer","Six orange/white lights, lying astern.  Thought they were aircraftnavigation lights but were evenly spaced out.  No noise but movedwith speed of a passing helicopter. Changed into a 'hammer head'shape."
25-Jul-09,11:00,Dumfries,Scotland,,"Six or seven bright lights which were in the sky for approximately 10minutes. They were spaced out and one by flew away anddisappeared very quickly."
25-Jul-09,11:25,Goring by Sea,West Sussex,,"Three orange lights high in the sky over the sea.  There was anexplosion and the centre light then dropped into the sea.  No soundheard from the lights."
25-Jul-09,11:30,Doncaster,Yorkshire,,"Seven bright orange lights in a straight line. Only two lights were inview at any time. As the last two came a white moon ball flew overat double the speed of the orange lights. Thirty minutes later sixwhite balls in a triangle formation were seen."
25-Jul-09,12:10,Newquay,Cornwall,,Triangular shaped object.
25-Jul-09,22:30,Coningsby,Lincolnshire,,"Three huge orange lights. First and second objects moving at speedof an aircraft. Third object moving much faster as if trying to catchup."
25-Jul-09,22:45,Barnsley,South Yorkshire,,"Two bright orange lights, three to four minutes a part and no soundheard.  Lights then went into clouds."
25-Jul-09,23:39,Rochdale,Lancashire,,"Five, really bright orange flame ball type objects seen flying acrossthe sky, moving irregularly. One moving faster than a plane and onezig-zagged down towards the ground then reappeared after the otherfour had moved across the sky and had gone."
26-Jul-09,00:20,Hoddesdon,Hertfordshire,,"First saw three orange objects. Forty minutes later, looking Northsaw an orange glowing object travelling slowly from SW to NE. Itwas at an angle to the ground of about 30-40 deg."
26-Jul-09,21:30,Brighton,East Sussex,,"A bright orange light travelling in a straight line from BrightonCentre. Which then passed over the house."
28-Jul-09,09:30,Bromley,Kent,,"Saw an orange, yellow object in the sky, with the shape similar to ahot air balloon."
31-Jul-09,Not Given,Not Given,Jersey,Air Traffic Control,Has a UFO report in their office.
31-Jul-09,Not Given,Peterborough,Cambridgeshire,,"Three bright orange lights and one dimmer one. Faded after beingstatic."
31-Jul-09,00:50,Not Given,Not Given,,Saw a UFO.
31-Jul-09,21:30,Bedford,Bedfordshire,,"Went to get cat off wall, saw UFO higher than eye level, brightorange object, not plane shaped, no engine noise."
01-Aug-09,00:00,Chigwell,Essex,,Just reported a sighting.  No other details.
01-Aug-09,03:42,Preston,Lancashire,Police,"Bright object in sky, very large."
01-Aug-09,10:00,Croydon,Greater London,,"60-70 lights, suddenly disappearing."
01-Aug-09,10:30,"New Mills, HighPeak",Derbyshire,,"Nine bright orange circular shapes glide across sky. Sighting lasteda couple of minutes."
01-Aug-09,12:13,Upminster,Essex,,"Clusters of UFOs, orange lights in distance. Zoomed off when theygot closer, big and round."
01-Aug-09,21:58,South Glenrothes,Fife,,Large orange ball of flame.  Lasted 20 seconds.
01-Aug-09,22:30,Elgin,Moray,,"Lights moving slowly. One light lead a group of five, with one lightacting as tail ender."
01-Aug-09,22:57,Michell Coldon,,Police,"17 UFO's above village. Red and green lights, no sound."
01-Aug-09,23:20,York,Yorkshire,,Orange lights in sky.
02-Aug-09,Not Given,Not Given,Nottinghamshire,,Looked like aeroplane on fire.
02-Aug-09,Not Given,Not Given,Not Given,,Scary sighting.
02-Aug-09,00:22,Shirley,Croydon,,"Orange point of light in the sky.  No haze or smoke visible aroundthe object. Object was flickering slightly. Lasted about 60 secs."
02-Aug-09,04:00,Preston,Lancashire,,Bright light.
02-Aug-09,14:00,Hauxton,Cambridgeshire,"Retired merchantseaman","Saw glider like objects in the sky. Flying around in an anti-clockwisedirection."
02-Aug-09,21:30,Not Given,Not Given,,"Red object, looked like a clod, went over the roof and vanished. Nonoise/engine. Big orange colour lower than a plane. Gliding straight."
02-Aug-09,21:45,Aylesford,Kent,,"Large orange glow in sky, moving slowly than disappeared.Reappeared after five minutes. Knows a bit about astronomy."
02-Aug-09,21:45,Kingsbridge,Devon,,Low bright light.
04-Aug-09,00:15,Woburn Sands,Buckinghamshire,,"Saw orange ball in distance, no flashing lights, no engine noise. Leftsuddenly."
04-Aug-09,04:01,Formby,Merseyside,,"Large oval craft seen, very low and could not make out anydistinguishing features. It had on it a number of red, orange andgreen lights.  Sighting lasted only 5-10 seconds."
04-Aug-09,09:50,Poole,Dorset,,"A bright white fire ball, size of a football flew into the kitchen andlanded in a plastic carrier bag on the table, immediately disappearedbut seemed to cause almost blinding white, sheet lightening."
04-Aug-09,10:00,Brighton,East Sussex,,"Saw an orange light rising from the SE - looked like the tail from arocket launch like when the shuttle goes up. Object then movednorth before disappearing behind clouds. Happened three times overa period of 30 minutes. Third time bright flash."
04-Aug-09,22:30,Seaford,East Sussex,,Large bright light. Looked like a ball of fire or a hot air balloon.
05-Aug-09,Not Given,Mitcham,Surrey,,"Saw four strange orange lights in the sky following each other.Lights then just disappeared. Lights then seen again moving acrossthe night sky.  Went inside and saw the same lights in a three prongtriangle."
06-Aug-09,00:30,Hassocks,East Sussex,,"Saw six moving orange balls, glowing. They were following eachother.  One minute between them.  There was no noise."
06-Aug-09,21:25,Chester,Cheshire,,"Orb shape, glowing on underside only. Orange colour. Orange fadedand object looked like a black shadow."
06-Aug-09,22:00,Eastcote,Middlesex,,Big circular orange lights.
07-Aug-09,10:00,Cardiff,Wales,,Unusual lights above Cardiff travelling silently.
07-Aug-09,22:00,Ullswater,Lake District,,"Six balloons of fire over Ullswater.  These UFOs moved at differentspeeds to each other and in different directions before burning out."
07-Aug-09,22:00,Cardiff,South Glamorgon,,Unusual lights travelling silently from West to East.
07-Aug-09,22:00,Barnston,Merseyside,,"Six to seven bright orange lights, moving down Wirral peninsulafrom Birkenhead to Ellesmere Port. No noise. Saw a second UFOfive minutes later."
07-Aug-09,22:09,Wirral,Merseyside,,"Eight orange, non-flashing lights, made no sound. Round shapes."
07-Aug-09,22:18,Coningsby,Lincolnshire,,"Four wavering lights, hovering, taken on a video camera andphotographed."
07-Aug-09,23:24,Nuneaton,Staffs,,Five to six objects.
07-Aug-09,22:45,Newport,Shropshire,Retired RAF,"Two yellow lights one above the other in the sky.  On arriving homefive minutes later watched the lights disappear behind a narrowcloud bank."
08-Aug-09,Not Given,Not Given,Not Given,,"Two sightings observed. One in summer 2008 single brightyellow/white light moving fast. Second sighting in daylight singlebright yellow/white 2009 moving fast."
08-Aug-09,00:05,East Kilbride,Lanarkshire,,"Bright orange bulb. Stayed for 10 minutes, came towards him like atornado then disappeared."
08-Aug-09,09:40,Saltcoats,Ayrshire,,"Very large bright light, no sound."
08-Aug-09,09:45,Stockport,Cheshire,,"Bright orange object which looked as though it was on fire. Movingat a steady pace, slowed then gained altitude slowly anddisappeared into the clouds.  Sighting lasted 2-3 minutes.  Objectwas similar to a hot air balloon but had no outline or shape."
08-Aug-09,20:45,Not Given,Not Given,,"Bright light form the northwest - lights went out, turned towards thesouth."
08-Aug-09,22:00,Bradford,Yorkshire,,"Saw a very bright orange ball shaped object in the sky. No noisefrom object. Went to get mobiles to take pictures and videos butobject had just vanished."
08-Aug-09,22:50,Northampton,Northamptonshire,,Lights coming towards me. 40-50 lights.
09-Aug-09,13:30,Huddersfield,Yorkshire,,One object seen in the sky in the day time.
09-Aug-09,17:16,Not Given,Not Given,,"Report received from ""Psychic Control Centre"", ref: PO255401."
10-Aug-09,17:15,London,Greater London,,"Report on behalf of her sister, who said she saw a UFO at HolbornStation."
10-Aug-09,22:13,Northampton,Northamptonshire,,"Bright red orange ball, no sound, moved faster than an aircraft.Could not find a camera in time to take photos."
11-Aug-09,10:46,Rayleigh,Essex,,"UFO visible for 6 -7 second. Changed direction by approx 60 degsdownward towards the horizon before disappearing. Object was adull brown colour, with a magnitude of 3.5 to 5 and resembled aslightly luminous brown paper bag. No sound was heard."
11-Aug-09,23:00,Thorpe-le-Soken,Essex,"Amateurastronomer","Saw a meteor shower which contained something he could notexplain."
12-Aug-09,23:03,Morfa Nefyn,Pwllheli,,"Bright light shone through the window. Saw three lights size of abasket ball moving up/down and rotating on own axis. Seemed toloose power after 30 seconds and vanished."
13-Aug-09,16:30,Preston,Lancashire,,"Dog wanted to go out, went out and I saw a UFO."
15-Aug-09,20:00,Billericay,Essex,,"No flashing lights, orange looking object. Looked like it washovering, flew towards observer's car and faded slowly into thedistance."
15-Aug-09,23:50,Wimborne,Dorset,,"Pair of ""lanterns"" directly overhead, slightly faster than a plane,faster than a satellite, slower than a meteor."
16-Aug-09,23:00,Westmuir,Moray,,"One light, joined by another, hovering over the village. No noise.One light no longer there, the other disappeared. Like a lightbulbwith an orange top"
17-Aug-09,03:30,Langport,Somerset,,"Very bright light, stops and spins slowly, moves right and left, as iflooking for something or taking photos, long beams of light. Nosound."
17-Aug-09,21:19,Newport,Gwent,,"Bright orange light, definitely not a plane."
17-Aug-09,21:25,Altrincham,Lancashire,,Two bright orange lights. Witnessed for about five minutes.
17-Aug-09,23:00,Wythall,Birmingham,,"Emitting a large bright orange light much larger than normal lightson a plane/helicopter, travelling in an arc with no sound. After 10mins light became dimmer and appeared to gain height, light nowsize as normal aircraft light and disappeared."
19-Aug-09,Not Given,Exmouth,Devon,,"A bright orange object. Above cloud level. Travelling at a high rateof knots. Came inland from the coast over Exmouth and headed offtowards Woodbury and Taunton."
19-Aug-09,21:00,Northampton,Northamptonshire,,"Was carrying a camera, as is her usual practice, saw a pinpoint, asilver dot that was clearly a UFO."
19-Aug-09,23:44,Withington,Lancashire,,"Three red lights in the shape of a triangle with the nose movingforward, not a usual aircraft, suspect it was a UFO."
20-Aug-09,11:45,Cliftonville,Kent,,Three orange orbs and two red orbs.
20-Aug-09,14:00,Herne Bay,Kent,,Wish to report a UFO.
20-Aug-09,23:00,Shebbear,Devon,,"Circular shape in with a mixture of stars, one was getting brighterand then dimmer and disappearing for a short number of minutes.Another red light hovered around the object. Camera on phonewould not pick anything up."
22-Aug-09,Not Given,Chesterfield,Derbyshire,,Lights in sky.
22-Aug-09,Not Given,Mansfield,Nottinghamshire,,Saw a UFO - can you call me back.
22-Aug-09,Not Given,Not Given,Not Given,,Saw something strange. Can you phone me back.
22-Aug-09,13:40,Not Given,Not Given,,Five orange globe balls.
22-Aug-09,16:56,Not Given,Not Given,,UFO at the back of the sky
22-Aug-09,20:35,Harpenden,Hertfordshire,,"Tall and thin, like a pencil, square, blue black."
22-Aug-09,20:55,Northampton,Northamptonshire,,"Saw 40 flickering orange lights from kitchen window. They made nonoise and moved round to the side window of the house anddisappeared behind a cloud.  Watched them for 5-10 minutes."
22-Aug-09,22:00,Stevenage,Hertfordshire,,"Two orbs, flickering lights, sliding across the sky."
22-Aug-09,22:20,Gerrards Cross,Buckinghamshire,,"Around eight yellow balls of light floating slowly in the night sky,slowly disappearing. Then one or two more would appear 500 to 800ft and follow same line of flight.  This happened for around twominutes."
23-Aug-09,21:00,Skegness,Lincolnshire,,Large orange light with no noise.
24-Aug-09,Not Given,Derby,Derbyshire,,Saw a UFO.
24-Aug-09,00:00,Tunbridge Wells,Kent,,"Bright orange lights, lasted for two minutes, went out, than fourmore. Could have been a meteorological balloon. A very bright light."
24-Aug-09,03:30,Swindon,Wiltshire,,"Three lights in formation, forming an isosceles triangle. Two lightsvisible at first, then joined by a third. Light lasted for 2-3 minutes. Nosound."
24-Aug-09,05:30,Lewes,East Sussex,,Report of a UFO.
24-Aug-09,21:45,Hersham,Surrey,,"A large orange fireball burning for 35 seconds. No noise from objectwhich reduced in size until nothing over the duration of its flight."
24-Aug-09,23:30,Glasgow,Strathclyde,,Strange lights over G62 0TD. Two big white lights.
25-Aug-09,21:45,Derby,Derbyshire,,Seven aircraft over Derby.
25-Aug-09,23:00,Shebbear,Devon,,It got brighter and dimmer
27-Aug-09,20:15,Not Given,East Anglia,,Came over top of field - red- flew very quickly like a shooting star.
27-Aug-09,20:30,Dronfield,Derbyshire,,"Round shape - lightening then darkening with a dark shape behind it.No engine noise."
27-Aug-20,21:29,Manor Park,London,,Saw a bright light heading towards Essex - bright light standing still.
28-Aug-09,21:30,Not Given,Not Given,,"Orange ball going in a straight line.  No visible trail.  No smoke ornoise. Appeared to be getting smaller burning itself up."
29-Aug-09,Not Given,Sark,Guernsey,,"Saw what looked like a flying log, blue with a white edge."
29-Aug-09,Not Given,Kings Lynn,Norfolk,,"Terrestrials seen coming from King's Lynn towards Swaffham,Norfolk."
29-Aug-09,05:20,Gloucester,Gloucestershire,,Saw a sighting in Gloucester.
29-Aug-09,05:20,Gloucester,Gloucestershire,,Two UFOs flying overhead.
29-Aug-09,06:40,Bearsdsen,Glasgow,,Has video of UFO with no sound.
29-Aug-09,21:00,Kettering,Northamptonshire,,"Two glowing sphere/domed -shaped objects followed each in SouthEast direction.  Completely silent and not flashing at all, as youwould expect from aircraft."
29-Aug-09,21:09,Plymouth,Devon,,"One object rising in the sky. Semi circle outline. Flames glowingorange/red.  Flickering round the edge. At first thought it was afirework, then it disappeared."
29-Aug-09,21:35,Yeovil,Somerset,,Seven lights over Yeovil.  No noise.
29-Aug-09,21:40,Lyneham,Wiltshire,,"Orange lights following each other in same direction. No noise, noflashing lights, same trajectory. In vicinity of Lyneham radar.  Somelights disappeared."
29-Aug-09,21:47,"Stratford-upon-Avon",Warwickshire,,"Saw lights, moved into view from right to left, then stop and form apattern before pulsing and fading out their bright orange lights."
29-Aug-09,22:05,Telford,Shropshire,,"Twenty-two lights.  No noise, same speed."
29-Aug-09,22:05,Smethwick,West Midlands,,"Saw strange lights in the sky, in three's then one, then two's, thenthree's - Fifteen in all."
30-Aug-09,09:14,Blakeney,Norfolk,,"Red fire like ball . Glow was constant.  It was travelling at a constantspeed West to East. Also watched it through binoculars and itappeared as a red circle with dots around the circle. In 10 o'clockposition and watched it for 4-5 mins."
30-Aug-09,12:10,Petts Wood,Kent,,"Saw eight orange single lights in the sky. Lights were very clear,single bright orange spot, which travelled at constant speed slowlyhigher into the eastern atmosphere. At first four lights in closeproximity followed by four more with approx one minute."
31-Aug-09,Not Given,Ashingdon Heights,Essex,,"Approx 10 orange lights flying over. First eight were going at asteady, slow rate, three of which merged into a triangle formation,separated then disappeared. Two others appeared about a minute orso travelling faster and disappeared at same area of sky."
31-Aug-09,17:00,Not Given,Thames Estuary,,"Saw a vertical cylinder, silvery colour and underneath was a greatbright yellow, fiery glow.  Watched the object for about 20 minutes."
31-Aug-09,21:45,Twickenham,Middlesex,,Ball of fire in the sky.
Sep-09,Not Given,Penarth,South Wales,,Very bright object above the sun.
Sep-09,Not Given,Catford,London,,"Six bright orange lights - not flashing - silent. After a few minutesthere was another one."
Sep-09,21:00,Sherborne,Dorset,,"Saw a very bright light - looking south to right of the moon.  It wasvery large.  There were four or five bright lights."
01-Sep-09,11:00,Inverness,Scotland,,"Moving very fast SE to North and watched object for about 10seconds. Thought at first it was a star or a plane."
02-Sep-09,00:46,Filey,Yorkshire,,"Brilliant and dazzling pure white horizontal ring of light.  It appearedto be perfectly still in the sky above the houses and was totallysilent.  Object was hovering over the Belle Vue Crescent area."
02-Sep-09,11:00,Leeds,Yorkshire,,"Low flying object.  Nine orange lights, no sound."
04-Sep-09,23:15,Ashton Under Lyne,"GreaterManchester",,"Eight, orange UFOs, shone brightly, travelling at speed, low in thesky. Objects came across one by one with approx 20 secondsbetween them. They stopped over the reservoir changed direction atapprox 90 deg angle towards Holmfirth.  No noise."
05-Sep-09,21:40,Not Given,Kent,,"Semi-circle of light, golden orange, moved off towards the east.  Nonoise heard."
05-Sep-09,21:45,Oakwood,Essex,,"Saw 25 to 30 bright orange lights in the sky - Flying in a triangularshape."
05-Sep-09,22:00,Frome,Somerset,,Fifteen to twenty bright vertical line going slowly - no noise.
06-Sep-09,22:35,East Kilbride,South Lanarkshire,,"Saw three UFOs which appeared to be composed of fiery orangelight and a symmetrical vertical diamond shape.  No sound."
08-Sep-09,Not Given,Diss,Norfolk,,"Pink and red dome with a bright yellow light underneath. For about30 seconds."
08-Sep-09,20:00,RAF Valley,Anglesey,,Two round balls were in the sky chasing each other.
09-Sep-09,20:30,Epsom,Surrey,,"Thirty orange globes, in four waves, travelling at a constant speed.May have been lanterns of some kind but they would have been 1-2Metres in diameter."
09-Sep-09,21:15,Old Bilsthorpe,Nottinghamshire,,"Saw Orange flamed lights, in formation slowly and silently acrossthe night sky."
09-Sep-09,21:20,Tooting,London,,"Black sphere. Bobbing about half a mile away . Covered with aphospherous chemical cloud.  It goes light grey. Flash of lighteningthen re-appears. Some of the clouds light up.  Various sightings20:30 and 12:15."
10-Sep-09,21:00,South Hinksey,Oxford,,Saw a UFO it was not a plane it disappeared very quickly.
10-Sep-09,21:05,Godalming,Surrey,,"An intense, bright white light seen between the flight path of Gatwickand Heathrow."
10-Sep-09,22:50,Norwich,Norfolk,,Just a sighting.
11-Sep-09,11:30,Charles Barn,Kent,,"White fixed wing object. Flying over a field, East Street, CharlesBarn.  It was squared off with something behind it - no cockpit- silentnot a glider."
11-Sep-09,20:45,Not Given,ANsoht tGoniv-eunnder-,,"Saw over the roof of their house orange/gold round circle about thesize of a beach ball moving from behind the house going sidewaysacross the roof  and down the road. As it moved down the road itchange to a smaller light with no fiery glow."
12-Sep-09,00:15,Cockbrook,Lyme,,Twelve circles.
12-Sep-09,11:23,Belfast,Northern Ireland,,"Three blazing gold orbs in a diagonal line in the sky. No sound.Remained static approx one minute before moving slowly togetherto form a shape like Orion's Belt and then into a small triangle. Twolights further out faded and disappeared then third too."
13-Sep-09,20:25,Shepton Mallet,Somerset,"RN Air TrafficControl","Seven silent objects emitting a bright orange light. One group ofthree and then singles. Travelled at about 100 knots then turnedright."
12-Sep-09,20:40,Grantham,Lincolnshire,,"Seven objects. One group of three, followed by one group of four.Orange, large no distinct shape. Bright, no noise."
12-Sep-09,20:45,St Ives,Cornwall,,"Saw bright orange red light in the sky.  The light took severalminutes before it began to dim. Its path was straight and steady,indicating perhaps powered flight."
12-Sep-09,20:50,Mansfield,Nottingham,,Strange red and orange object in the sky.
17-Sep-09,21:40,Findon Valley,West Sussex,Ex-pilot,"Saw an extremely bright star like light in sky. Continued flying thenstarted to climb vertically no change in speed the dimmed anddisappeared to a faint light."
19-Sep-09,19:40,Bromley,Kent,,A bright orange light moving across the sky no noise.
19-Sep-09,22:00,New Forest,Hampshire,,"Saw an object in sky like a fireball. It burnt pretty brightly, then wouldburn out a little then appear to burn brightly again beforeextinguishing about thirty seconds later."
19-Sep-09,22:00,Sheepridge,Huddersfield,,"Six to eight red lights moving across the skyline. Red spheres with awhite centre. Eventually passed over the house from back to thefront."
19-Sep-09,21:45,Carluke,Lanarkshire,,"Saw an orange light in the distance.  It came nearer and eventuallydisappeared into cloud overhead but before it did saw other similarlights appearing in the distance. They were travelling at regularintervals."
19-Sep-09,20:15,Watford,Hertfordshire,,"Saw three consecutive passes of single, bright yellowish lights.Moving approximately three minutes apart on the same orbit."
19-Sep-09,20:15,Betws,Dyfed,Journalist,"Three objects, like bright orange tennis balls stuck together flyingacross the sky."
19-Sep-09,20:19,Anglesy,North Wales,,"Object was similar to an egg shape and was amber in colour andappeared to be hovering over  field's before disappearing.  Fiveminutes later two objects appeared in same area, then disappearedand reappeared over the Meni Straits."
19-Sep-09,20:20,Burnley,Lancashire,,Orange light in sky.
19-Sep-09,21:01,West Wickham,Kent,Pilot,"Series of 30 or more orange lights which then disappeared aftermoving at speed."
19-Sep-09,21:35,Arbroath,Angus,,"Saw four lights travelling together. One veered off heading East.Three remained in a triangle formation. Two disappeared into thehorizon and one light went overhead. Looked like a red fireball nosound."
19-Sep-09,22:02,Not Given,Lanarkshire,,"Saw eight to ten lights in the sky. First appeared like very brightfireworks which are fired vertically into the sky. In no particularpattern stayed at same flight level, no engine sound. Picked upspeed and disappeared. Lasted about five minutes."
19-Sep-09,23:30,Letchlade,Gloucestershire,,"Forty to fifty orange lights following the same trajectory with morelights coming over."
20-Sep-09,18:45,Mulbarton,Norfolk,,"Two orbs in the sky.  Lead aircraft stopped dead in mid air thenbacktracked for a second or two before rising directly vertical approx200-500m then stopping. As lead craft came within 50m of othercraft both headed off into the distance."
20-Sep-09,19:45,Harpley,Norfolk,,"Two orange lights travelling over Harpley village and did not flickeror flash. Distance between the lights was approx 10m and 60ftabove ground and there was no sound. Turned car around but it haddisappeared."
20-Sep-09,20:00,Bristol,Bristol,,"A red/orange light passed over head. Looked like a gaseous, golfballwith a red rotating light, rotating clockwise inside it."
20-Sep-09,21:00,Moreton-in-Marsh,WGleosutc estershire,,"Six strange lights flew low no sound of engines with orange, red andother colours."
20-Sep-09,23:30,Clydebank,Dunbartonshire,,Saw five orange lights in the sky in a line.
21-Sep-09,20:55,Kenilworth,Warwickshire,,"A very unusual object flew across the sky.  The object was a coneshape with a circular top.  It had an orangey/red light in the middleand an outer see-through red/pink layer."
22-Sep-09,22:30,Earlsdon,Coventry,,"Six orange orbs floating in an arc in the sky. All following the sametrajectory and faded at similar points in the sky."
24-Sep-09,02:12,Bradford,Yorkshire,,"Saw an object which was round, yellowish colour.  Had a clear viewof the sighting for about two-three minutes."
24-Sep-09,21:55,Not Given,Not Given,Ex-RAF,"Fifteen to twenty very bright orange lights travelling about a mileapart and in perfectly straight line."
24-Sep-09,23:40,Hednesford,Staffordshire,,"Large orange light, stopped for several minutes and thendisappeared."
25-Sep-09,20:45,Long Melford,Suffolk,,"Pulsating/shimmering object flashing red, blue and green."
26-Sep-09,12:00,High Peak,Derbyshire,,Eight orange lights over top of house.
26-Sep-09,19:22,Chatham,Kent,,"Two orange balls of light. One ball of light was leading with the othertwo behind it.  No sound of any engines."
26-Sep-09,20:00,Tattershall,Lincolnshire,,"Three separate orange lights with no sound, hovered for approx 40minutes then blanked out of sight."
26-Sep-09,20:50,Ditton,Kent,,"Three bright orange/red lights, followed by another three."
26-Sep-09,21:22,Peterborough,Not Given,,"Loads of lights coming over the village, gaining height very quickly."
26-Sep-09,21:30,Cradley Heath,West Midlands,,Seven lights.
26-Sep-09,21:50,Formby,Lancashire,,"Large luminous, pulsating object changed colour and shape."
26-Sep-09,22:00,Grangemouth,Stirlingshire,,"Two bright orange objects. One from south at ferocious speed, thendead halt with others. Not man-made, no sound."
26-Sep-09,22:15,nr Gatwick Airport,Sussex,,"Five UFOs, two miles to the North East of Gatwick. They all shot upin the sky and disappeared one by one."
26-Sep-09,22:30,Letchworth,Hertfordshire,,"Orange object in sky getting higher and higher looked like a plasticbag with a flame in the middle. Round and glowing. Stopped in themiddle of the sky and disappeared."
26-Sep-09,22:30,Farncombe,Surrey,,"Two orange/red dots in the sky. Seemed to be still but slowly movedadjacent to one another.  One then disappeared followed about aminute later by the other."
26-Sep-09,22:32,Matlock,Derbyshire,,"Saw three orange lights, then as they rounded a corner saw five information. No noise."
27-Sep-09,11:15,Deal,Kent,,Silver object in sky over Deal.
27-Sep-09,19:40,Lincoln,Lincolnshire,,"Could not see a defined shape but no noise, no rear, port orstarboard lights. Two coned lights (yellow and white) flickeringrandomly. Finally disappeared into cloud."
27-Sep-09,20:40,Northolt,Middlesex,RAF,"Saw two UFOs. Looked like balls of fire.  As they approached RAFNortholt the fireball went out. However, the craft was still visible andwas in the shape of a jelly fish dome."
27-Sep-09,21:15,Maghull,Liverpool,,"A perfect rectangle the length of car but 3 ft wide. Started swayingthen swooped like a bird. Witness followed it through the town."
29-Sep-09,20:10,Connah's Quay,Flintshire,,"Bright orange light, 1cm deep, joined by a second light, no sound."
01-Oct-09,Not Given,Chippenham,Wiltshire,,Lights not sure what number.
01-Oct-09,Not Given,M1 South,,,"Very sharp turn in jet stream, very sharp for an aircraft and very highup like a usual Airliner height."
02-Oct-09,20:45,Hastings,East Sussex,,"Saw eight oranges lights on an oblong shaped object, no noise."
03-Oct-09,Not Given,Woking,Surrey,,"Eight lights at intervals, slowly flying."
03-Oct-09,Not Given,Not Given,Kent,,Little moon thing.
03-Oct-09,21:50,Hove,East Sussex,,"Two bright objects. Disk shaped with red light that goes orange andthen back. On one of them the light went on and off and then theyboth went out. It looked like there was only one light on the ship."
04-Oct-09,Not Given,Not Given,South Pennines,,Bright orange lights in the sky.
04-Oct-09,Not Given,Stonehaven,Aberdeenshire,,White and red lights moved around.
04-Oct-09,Not Given,Chipping Sodbury,Bristol,,Ball of fire shot across the sky over her house.
04-Oct-09,19:25,Halesowen,West Midlands,,"Two orange glows, travelling quite fast, one in front of the other.Turned sharply and formed what appeared to be a triangular orarrow shape."
04-Oct-09,19:45,Tiptree,Essex,,"Fire in the sky, orange, moving slowly, hovered, the flames went outand it was 45 degrees from the ground."
04-Oct-09,20:30,Pudsey,Leeds,,"Incredibly bright light in sky, at first light was white but changed tobright orange.  Appeared to be big and pulsating and followed him.Light shot across sky then disappeared."
05-Oct-09,Not Given,Cardiff,South Glamorgon,,Two objects seen in sky.
05-Oct-09,Not Given,Not Given,Sussex,,"Two bright lights hovered, then turned north and headed inland."
08-Oct-09,01:55,Luton,Bedfordshire,,"Red and Green lights in sky with twinkles underneath, 3-4 minuteshovering, shot up and came back down, and hovered then shot off.Funny noises on mobile phone recorded."
08-Oct-09,23:00,Southgate,London,,"Three red/orange lights in the shape of a triangle.  Moved silentlywith an exhaust type object coming from it."
09-Oct-09,21:45,Edinburgh,Midlothian,,No details given.
10-Oct-09,12:20,Widnes,Cheshire,,"Fourteen objects one every minute, no sound."
10-Oct-09,18:00,Willsbridge,Bristol,,"Observed three objects in sky for about 10 minutes.  Appearedstationary and then disappeared behind clouds.  Changed shapefrom cigar to round.  Were red or white in colour."
10-Nov-09,18:00,Glasgow,Pollock,,"Four lights moving around the sky, moving in a formation for overan hour."
10-Oct-09,19:10,Huddersfield,West Yorkshire,,Bright orange light travelling slowly.
10-Oct-09,20:12,Kirkcaldy,Fife,,"Bright orange glow top of Rabbie Brae, hovered near VictoriaHospital and went up to the sky."
10-Oct-09,20:45,Edinburgh,Midlothian,,"Two objects, no sound. One object three weeks ago."
10-Oct-09,23:10,Beaumaris,Anglesey,,"Two triangular orange lights, about 10 seconds apart."
10-Oct-09,23:15,Aberdeen,Aberdeenshire,,"Nine red lights over the North Sea in a V formation - disappearedthen came back and was there for some time."
11-Oct-09,14:39,Crosby,Liverpool,,"Triangle shape, with an orange ball in the middle, no noise."
11-Oct-09,19:45,Gilberdyke,East Yorkshire,,"14 balls of light, no formation, no noise."
11-Oct-09,22:00,Not Given,Wigan,,"White arrow shaped with green lights, moving slowly."
12-Oct-09,Not Given,Reservoir,London,,Objects seen to land in the reservoir.
12-Oct-09,20:35,Plymouth,Dorset,,"Orange light, round shape, solid in the middle and straight."
13-Oct-09,10:00,Birchington,Kent,,Bright lights moving closer.
16-Oct-09,00:25,Kirkaldy,Fife,,"Orange lights front and back with white lights chasing sounded likefireworks but no flashes."
16-Oct-09,15:00,Saffron Walden,Essex,,"Strange cluster of objects at high altitude flying close togethertowards London."
16-Oct-09,19:00,Gargrave,Skipton,,"Three red and orange lights, no noise."
16-Oct-09,19:25,Shah Delf area,Nr Oldham,,"Slow pulsing orange light, three lots of lights slow speed and silent."
16-Oct-09,20:20,March,Cambridgeshire,,"Seven orange and red lights, not moving, no shape, disappearedone after another."
16-Oct-09,22:30,West Drayton,Middlesex,,"Light, size of a star erratic movements, looped then went out ofsight, reappeared and did futher loop."
17-Oct-09,18:45,Leith,Edinburgh,,"Fourteen objects, yellowey orangey colour.  Then saw another 8-9.No sound.  Not on same flight trajectory.  States it could be chineselanterns."
17-Oct-09,19:15,Not Given,Not Given,,Approx 24 objects.
17-Oct-09,21:00,Stockton on Tees,Cleveland,,Large orange burning object.
17-Oct-09,22:45,Orpington,Kent,,"Twenty-five lights red and orange with vapour trail, disappearing intoblue green colours, spinning."
17-Oct-09,23:35,Enfield,London,,No details given.
17-Oct-09,23:50,Warburton,Cheshire,,"Two orange glowing lights in sky high above Warburton Toll Bridge -strange shape like a no 7, fuzzy and close together.  No sound."
18-Oct-09,Not Given,A81 to Strathblane,,,"Three orange lights appeared then disappeared behind clouds.Further orange light and disappeared again."
18-Oct-09,19:00,Gee Cross,Cheshire,,"Orange yellow bright light travelled fast across sky, followed byanother within 30 secs and repeated around ten times. Three balls oflight - one on top, two either side. No sound."
18-Oct-09,20:25,West Ealing,London,,"Orange object moving across the sky, flickering."
18-Oct-09,22:30,Not Given,Merseyside,,"Two Orange lights, no noise, one disappeared, one static hoveredthen went away came back and went away again."
18-Oct-09,22:34,Not Given,Not Given,,"Object wasnt flashing, moved across below cloud then droppeddown to the ground then disappeared."
19-Oct-09,21:00,Alton,Staffordshire,,"Strange light activity, and lots of helicopters, unusual for the area."
21-Oct-09,12:12,Flookburgh,Cumbria,,"Strange object in the sky over the sea, far away so difficult to define."
22-Oct-09,19:35,Whitehaven,Cumbria,,Two orange balls.  No sound. No strobe lights.
23-Oct-09,19:04,Rotherham,South Yorkshire,,"Glowing object like aircraft on fire from low down over the towncentre rising fast straight up in a straight line across town."
23-Oct-09,21:30,Leverton,Boston,,Two to four dancing lights with no density to them.
23-Oct-09,22:06,Yeovil,Somerset,,"Metallic ball in the sky chased by fast jet then helicopter fromYeovilton."
23-Oct-09,23:38,Brigstock,Northamptonshire,,"Bright orangey red light lit from one end to the other, no noise,approx 40 - 50 feet long."
26-Oct-09,17:15,Eastbourne,Brighton,,"Like a flying bonfire, or similar to a plane on fire, too dark for aballoon."
26-Oct-09,17:35,Kirkby,Liverpool,,"Three bright orange objects, hovered for five minutes, beforeascending straight up into the sky. Strangely shaped. Another at17:52 & on 9 Oct at 20:00."
26-Oct-09,17:46,Bolton,Lancashire,,"Red and orange lights high in the sky moving slowly, numeroussightings over several weeks."
26-Oct-09,20:30,Malton,Yorkshire,,Strange lights in the sky.
27-Oct-09,19:40,Hamilton,Lanarkshire,,Two fiery red flame like objects hovered about then disappeared.
27-Oct-09,21:10,Chesterfield,Derbyshire,,"Bright orange spheres, got smaller the further away they went."
27-Oct-09,23:10,Barlborough,Derbyshire,,"Lights in the sky, no object.  Orbs with trails following, moving in acircular direction.  Four orbs, two following the other two reaching apoint then repeating the sequence."
28-Oct-09,Not Given,Alvaston,Derbyshire,,"Two glowing crosses 50 metres apart silent, more 5 to 6 minuteslater, intelligent craft."
28-Oct-09,Not Given,Derby,Derbyshire,Journalist,No description provided.
28-Oct-09,17:50,Evesham,Worcestershire,,"Airborne craft with non-conform lighting, steady strong orange."
28-Oct-09,19:20,Warbleton,East Sussex,,10-12 orange lights in a row with no sound.
28-Oct-09,19:30,Bensford,Staffordshire,,"One orange light not flashing, three in a triangle formation."
28-Oct-09,20:00,Charnock Richard,Lancashire,,Ten flaming balls of fire.
28-Oct-09,21:10,Salcombe,Devon,,"Three to four silent aircraft three leading one trailing, bright redlights."
28-Oct-09,21:18,Hampton Court,SW London,,"Bright orange glow arched over him appeared for 15 seconds thenwent upwards."
29-Oct-09,Not Given,Norwich,Norfolk,,Large orange ball no noise or flashing.
30-Oct-09,17:47,Great Barr,Birmingham,,Really bright light jellyfish shaped object.
31-Oct-09,Not Given,Maesteg,Bridgend,,"Orange red sphere giving off light moved up into the clouds withoutmaking any noise."
31-Oct-09,17:35,Netherton,Liverpool,,"Large spherical ball looked like it was on fire, small objects droppedfrom it, then flew away."
31-Oct-09,18:25,Leicester,Leicestershire,,"Bright orange glow triangular shape, very bright, flew up into the sky,silent."
31-Oct-09,19:30,Huddersfield,West Yorkshire,,"Bright burning white light, continued at steady pace glowing brightorange and visible in distance, could have been firework, butpossibly not."
31-Oct-09,19:49,Diss,Norfolk,,No UFO details left.
31-Oct-09,20:00,Birmingham,West Midlands,,"Strange orange shape in the sky, pulsating top half less bright,silent."
31-Oct-09,20:20,Llynfi Valley,Mid-Glamorgan,,Orange oval UFO passing by.
31-Oct-09,20:30,Winchburgh,West Lothian,,"Cylindrical shape, flying low, silent, two large red navigation lightson body, flashing red strobe lights, then disappeared from view."
31-Oct-09,20:52,Derby,Derbyshire,,Circular with yellow and white lights.
31-Oct-09,22:00,Westbury,Wiltshire,,"Circular bright light, definitely not a helicopter."
31-Oct-09,22:45,Norton Canes,Cannock,,"Six objects, five large red balls, no lights moving steadily one behindthe other, for 10-15 minutes.  Sixth twice as big."
31-Oct-09,23:15,Hove,Sussex,,"Five large round orange balls of lights in a formation: two front, onemiddle, two at the back, no sound."
31-Oct-09,23:15,Bosham,Chichester,,"Three UFOs sun bright orange looked like flames and had sort ofwings. First two were 2-3 miles apart, later one 10 miles to rear allgoing to the right no sound."
31-Oct-09,23:15,Not Given,Not Given,,"Orange light no noise, appeared for around 8 minutes."
31-Oct-09,23:58,Gravesend,Kent,,Yellow assorted lights much brighter than an average star.
01-Nov-09,01:46,Glasgow,Strathclyde,,Large orange object.
01-Nov-09,12:31,Humberston,NE Lincs,,"Six lights in S shape misty sky ground clear, gradually disappeared."
01-Nov-09,17:44,Beckenham,Greater London,,"Three orange objects, then four more joined them."
01-Nov-09,19:35,Leeds,,,Orange circular lights very fast going West to Leeds centre.
01-Nov-09,19:40,Matlock,Derbyshire,,"Very bright light in the sky changing to green, no noise."
02-Nov-09,23:20,Kensal Green,London,Police Sgt,No description provided.
03-Nov-09,16:15,Bristol,Avon,,"Clear and bright object long bluish white light with narrow tail, fast,gradual descent."
03-Nov-09,19:20,Clacton,Essex,,"A single object full of lights approximately the same size as 10planes, the object made no noise.  Lights were seen to dim andchange colour with some turning off.  Object was described as astraight line of lights with a ""U"" shape attached underneath."
03-Nov-09,19:10,Pontefract,West Yorkshire,,"Like a balloon or lantern, hollow with bright orange light inside."
03-Nov-09,21:03,Tipton,West Midlands,,"Bright red light with no engine noise, glowed brightly then faded."
04-Nov-09,18:45,Cannock,Staffordshire,,"Bright white light blinking on and off every 2-3 seconds, stayed for 2-4 minutes then disappeared."
05-Nov-09,Not Given,Not Given,Not Given,,"UFO reported, definitely not a firework, third time he has seen aUFO but first time he has reported it."
05-Nov-09,Not Given,Peterlee,NE England,,12 orange lights silent but moving fast.
05-Nov-09,Not Given,Featherstone,West Yorkshire,,"Ball of fire moving across the sky, white hot at one end, moving fortoo long to be a firework."
05-Nov-09,Not Given,Bolton,Lancashire,,"Bright orange light moving fast across the sky appeared lots of timesand moved in directions that cannot be explained."
05-Nov-09,19:00,Bolton,Manchester,,UFO appeared several times during the night.
05-Nov-09,19:34,Pontarddulais,Swansea,,"Silent, off red, blood orange colour and entire sphere emitted light.No spotlights. Light remained constant and didnt flicker. Saw forfour minutes."
05-Nov-09,19:45,Newton Grange,Mid Lothian,,"21-22 high flying objects shining red at even intervals for around 15minutes."
05-Nov-09,23:55,Burwarton,Bridgnorth,,Big orange ball moving slowly.
05-Nov-09,18:30,Stockport,Not Given,,"Amber glowing ball quarter of the size of the moons diameter,dimmed to nothing then vanished."
05-Nov-09,18:35,Bourne,Lincolnshire,,"Four UFOs, three close together one behind, bright red glow arounda light with glow on the bottom no noise was close."
05-Nov-09,20:10,Leigh,Lancashire,,"Large triangle structure with red light in each corner, red with fire inthe middle."
06-Nov-09,Not Given,Crawley,East Sussex,,Orange lights in sky moving slowly then fading away.
06-Nov-09,18:00,Ironbridge,Shropshire,,Eight sightings not chinese lanterns saw one more a week later.
06-Nov-09,23:00,Heckmondwike,West Yorkshire,,"Formation of six bright orange lights in the sky, one minute behindwere two more, then one more the last was much bigger andbrighter."
07-Nov-09,Not Given,Not Given,Not Given,,Two bright orange lights.
07-Nov-09,Not Given,Not Given,South Africa,,"Flat object in sky moving at rate of knots, looked strange."
07-Nov-09,08:45,Central London,London,,"Saw several very bright lights flying and drifting quickly and silentlyup in the sky.  They were bright, flickering, tiny white, green and lightred lights. I counted at least 10-15, some seemed to be drifting ingroups and others separately."
07-Nov-09,18:50,South Birmingham,West Midlands,,"Two orange glowing orbs silent travelling in a straight line nottravelling fast and in tandem. Disappeared over Moseley area. Notfireworks."
07-Nov-09,19:20,Colchester,Essex,,"Four slow moving round orange lights, completely silent, seemed toturn white and were pulsing."
07-Nov-09,20:00,Not Given,Not Given,,Six orange lights not fireworks.
07-Nov-09,20:30,Tring,Hertfordshire,,Reddish amber bright object flying across sky.
07-Nov-09,21:00,Cusworth,Doncaster,,Saw UFO definitely not chinese lanterns.
07-Nov-09,21:35,Hemel Hempstead,Hertfordshire,,Two red and bright lights but not glowing.
07-Nov-09,21:59,Peterborough,Cambridgeshire,Ex-RN Cdr,"Orange sphere 30 degrees above eastern horizon speed substantial,no noise no normal navigation lights just eerie orange glow."
07-Nov-09,22:00,Peterborough,Cambridgeshire,,"No details given.  Two separate messages left asking to becontacted."
07-Nov-09,22:00,Callander,Perthshire,,"Up to 20 individual orange lights, static for 15 seconds before tiltingthen moved off."
07-Nov-09,23:30,Gillingham,Kent,,"Two UFOs bright orange lights appeared from nowhere, faster thana plane."
08-Nov-09,00:10,Oswestry,Shropshire,,Orange light not a firework.
08-Nov-09,18:10,Porthcawl,Mid-Glamorgan,,No description provided.
08-Nov-09,19:00,Ipswich,Suffolk,,No description provided.
08-Nov-09,19:12,Telford,Shropshire,,"Two orange lights moving slowly south.  No sound, not jetafterburners, not helicopters as they did not flash.  Wrong colour fordistress rockets."
08-Nov-09,19:15,Maidenhead,Berkshire,,"Fiery ball, no flashing lights, variable speeds, disappeared into astar, was red and burning"
08-Nov-09,20:00,Leicester,Leicestershire,,"Three lights in sky 5 x 3 groups of disc shapes in a triangleformation."
09-Nov-09,15:55,Port Talbot,Bryn Valley,,"Orange yellow UFO no contrails, no hazard lights flashing."
09-Nov-09,17:10,Whitley Bay,Tyne & Wear,,"Orange ball shape going across the sky on a flight path.  Silent.  Soconcerned called 999."
09-Nov-09,19:23,Plympton,Devon,,"Red and orange sphere half the size of the moon, no noise, but bitswere falling off it, tracked it for 20 seconds, saw a plane fourminutes later which might have seen it."
10-Nov-09,17:00,Nottingham,West Bridgford,,Seven orangish orbs floating over house in formation.
10-Nov-09,18:00,Glasgow,Pollock,,"Four lights moving around in a circle over and over again for morethan an hour."
11-Nov-09,17:30,Glasgow,Glasgow,,A kaleidoscope effect of lights above the building.
11-Nov-09,20:45,Edenbridge,Kent,,"Very bright yellow in the centre surrounded by orange outer edge, afat boomerang on its side with a fire glow inside. Totally silent and30-40 ft across."
12-Nov-09,20:30,Northumberland,Northumberland,,"Two very bright, large lights, one higher than the other.  The lowerone then disappeared and reappeared above the higher one, theyswapped sides and then evened out to same level.  Theydisappeared when a planed came into view."
14-Nov-09,06:55,Haddenham,Cambridgeshire,,"Large bright white light, no trailing light ray groundwards, so not apolice helicopter or aircraft heading for Mildenhall.  And no sound orvibration."
14-Nov-09,18:05,Shrewsbury,Shropshire,,"Bright light hovering in the sky, three parts, one was red appearedfor 45 minutes before it disappeared."
14-Nov-09,23:30,Ellesmere Port,Wirral,,"Seven to eight bright orange flame lights in the sky, not plane orhelicopter, no noise and moved fast, then disappeared."
15-Nov-09,02:00,Milford On Sea,Hampshire,,"Tiny speck of light over Southampton direction.  Seen twice bybinoculars.  N/NE explosion and bang, but not thunder lightening orfirework, lasted 30 seconds."
16-Nov-09,20:00,Not Given,North Yorkshire,,"Two small red lights moving across the sky like fighter jets, but not afighter jet, reappeared again an hour later."
19-Nov-09,Not Given,Rumney,Cardiff,,Four lights whirling about above the nature reserve.
19-Nov-09,22:20,Hollerton,Bradford,,Small ball of fire.
20-Nov-09,23:20,Cattleford,Yorkshire,,"A mushroom shape light (like a balloon blowing in the wind) beingtracked by three brightly lit aircraft, saw approx 6-7 mushroomshapes and four aircraft.  Couldn't hear any engines."
22-Nov-09,00:00,Farnham,Surrey,,"Saw a bright red and orange object there was no noise or boom.Believe it was a probably a meteor."
25-Nov-09,19:15,Long Marston,Yorkshire,,"Ten unidentified lights in the sky appeared for five minutes one afterthe other."
25-Nov-09,21:20,Doncaster,Yorkshire,,"Saw a very large bright orange ball of fire travelling over woodland.There was no sound.  In size would have been 20 to 30 times biggerthan a jumbo jet."
26-Nov-09,21:50,Wymondham,Norfolk,,"Two orange large circular objects crossing the sky equal distanceapart, uniform speed, not shimmering, larger than a plane, half ametre in diameter."
28-Nov-09,01:55,Blackline Hill,Northamptonshire,,Lights in the sky going up and down for the last half hour.
28-Nov-09,21:00,Witney,Oxfordshire,,"Very bright orange light in the sky always around 9pm, has appearedfour times recently, not a plane and no other explanation other thanUFO."
29-Nov-09,00:25,Hill Green,Cheshire,,"Two orange lights moving slowly over Wilmslow veered off in adifferent direction.  No noise and flashing flights not aircraft."
30-Nov-09,19:40,Wilnecote,Staffordshire,,"Strange orange light coming from the North, clear night, no port andstarboard indicators, translucent halo, lasted 1 min 20 secs, constantspeed, straight line."
